{
  "project_info": {
    "project_number": "266286313395",
    "project_id": "bamboo-copilot-405715",
    "storage_bucket": "bamboo-copilot-405715.appspot.com"
  },
  "client": [
    {
      "client_info": {
        "mobilesdk_app_id": "1:266286313395:android:f97b192e3df58e2069a5c6",
        "android_client_info": {
          "package_name": "com.capstone.junkcash"
        }
      },
      "oauth_client": [],
      "api_key": [
        {
          "current_key": "AIzaSyBQ5bBpAF-ycfrU9aJ_hC9v7X9Hcitt2Zo"
        }
      ],
      "services": {
        "appinvite_service": {
          "other_platform_oauth_client": []
        }
      }
    }
  ],
  "configuration_version": "1"
}